-- artists
insert into artists (id, name, about)
values (
        'a0000000-0000-0000-0000-000000000001',
        'Guns N Roses',
        'An American hard rock band from Los Angeles, formed in 1985.'
    ),
    (
        'a0000000-0000-0000-0000-000000000002',
        'Taylor Swift',
        'An American singer-songwriter known for narrative songs about her personal life.'
    ),
    (
        'a0000000-0000-0000-0000-000000000003',
        'Linkin Park',
        'An American rock band from Agoura Hills, California, formed in 1996.'
    ),
    (
        'a0000000-0000-0000-0000-000000000004',
        'Michael Jackson',
        'An American singer, songwriter, and dancer, known as the "King of Pop".'
    ),
    (
        'a0000000-0000-0000-0000-000000000005',
        'Tom Petty',
        'An American singer-songwriter and musician, best known as the lead vocalist of Tom Petty and the Heartbreakers.'
    ) ON CONFLICT(id) DO NOTHING;
-- albums
insert into albums (id, title, artist_id)
values (
        'b0000000-0000-0000-0000-000000000001',
        'Appetite for Destruction',
        'a0000000-0000-0000-0000-000000000001'
    ),
    (
        'b0000000-0000-0000-0000-000000000002',
        'Red',
        'a0000000-0000-0000-0000-000000000002'
    ),
    (
        'b0000000-0000-0000-0000-000000000003',
        'Hybrid Theory',
        'a0000000-0000-0000-0000-000000000003'
    ),
    (
        'b0000000-0000-0000-0000-000000000004',
        'Thriller',
        'a0000000-0000-0000-0000-000000000004'
    ),
    (
        'b0000000-0000-0000-0000-000000000005',
        'Reputation',
        'a0000000-0000-0000-0000-000000000002'
    ),
    (
        'b0000000-0000-0000-0000-000000000006',
        'Damn the Torpedoes',
        'a0000000-0000-0000-0000-000000000005'
    ),
    (
        'b0000000-0000-0000-0000-000000000007',
        'The Very Best of Tom Petty',
        'a0000000-0000-0000-0000-000000000005'
    ) ON CONFLICT(id) DO NOTHING;
-- songs
insert into songs (
        id,
        title,
        description,
        duration,
        artist_id,
        album_id
    )
values (
        'c0000000-0000-0000-0000-000000000001',
        'Welcome to the Jungle',
        'A song by Guns N Roses.',
        274,
        'a0000000-0000-0000-0000-000000000001',
        'b0000000-0000-0000-0000-000000000001'
    ),
    (
        'c0000000-0000-0000-0000-000000000002',
        'Blank Space',
        'A song by Taylor Swift.',
        231,
        'a0000000-0000-0000-0000-000000000002',
        'b0000000-0000-0000-0000-000000000002'
    ),
    (
        'c0000000-0000-0000-0000-000000000003',
        'In the End',
        'A song by Linkin Park.',
        217,
        'a0000000-0000-0000-0000-000000000003',
        'b0000000-0000-0000-0000-000000000003'
    ),
    (
        'c0000000-0000-0000-0000-000000000004',
        'Billie Jean',
        'A song by Michael Jackson.',
        294,
        'a0000000-0000-0000-0000-000000000004',
        'b0000000-0000-0000-0000-000000000004'
    ),
    (
        'c0000000-0000-0000-0000-000000000005',
        'Free Fallin',
        'A song by Tom Petty.',
        258,
        'a0000000-0000-0000-0000-000000000005',
        'b0000000-0000-0000-0000-000000000006'
    ),
    (
        'c0000000-0000-0000-0000-000000000006',
        'Runnin Down a Dream',
        'A song by Tom Petty.',
        285,
        'a0000000-0000-0000-0000-000000000005',
        'b0000000-0000-0000-0000-000000000007'
    ),
    (
        'c0000000-0000-0000-0000-000000000007',
        'Look What You Made Me Do',
        'A song by Taylor Swift.',
        211,
        'a0000000-0000-0000-0000-000000000002',
        'b0000000-0000-0000-0000-000000000005'
    ),
    (
        'c0000000-0000-0000-0000-000000000008',
        'I Knew You Were Trouble',
        'A song by Taylor Swift.',
        220,
        'a0000000-0000-0000-0000-000000000002',
        'b0000000-0000-0000-0000-000000000002'
    ) ON CONFLICT(id) DO NOTHING;
-- users
insert into users(id, username, display_name)
values (
        'd0000000-0000-0000-0000-000000000001',
        'john_doe',
        'John Doe'
    ),
    (
        'd0000000-0000-0000-0000-000000000002',
        'jane_smith',
        'Jane Smith'
    ),
    (
        'd0000000-0000-0000-0000-000000000003',
        'alice_wonder',
        'Alice Wonder'
    ),
    (
        'd0000000-0000-0000-0000-000000000004',
        'bob_builder',
        'Bob Builder'
    ) ON CONFLICT(id) DO NOTHING;
-- playlists
insert into playlists(id, name, user_id)
values (
        'e0000000-0000-0000-0000-000000000001',
        'John''s Favorites',
        'd0000000-0000-0000-0000-000000000001'
    ),
    (
        'e0000000-0000-0000-0000-000000000002',
        'Jane''s Favorites',
        'd0000000-0000-0000-0000-000000000002'
    ),
    (
        'e0000000-0000-0000-0000-000000000003',
        'Alice''s Favorites',
        'd0000000-0000-0000-0000-000000000003'
    ),
    (
        'e0000000-0000-0000-0000-000000000004',
        'Bob''s Favorites',
        'd0000000-0000-0000-0000-000000000004'
    ),
    (
        'e0000000-0000-0000-0000-000000000005',
        'John''s Hits',
        'd0000000-0000-0000-0000-000000000001'
    ),
    (
        'e0000000-0000-0000-0000-000000000006',
        'Jane''s Hits',
        'd0000000-0000-0000-0000-000000000002'
    ),
    (
        'e0000000-0000-0000-0000-000000000007',
        'Alice''s Mix',
        'd0000000-0000-0000-0000-000000000003'
    ),
    (
        'e0000000-0000-0000-0000-000000000008',
        'Bob''s Rock',
        'd0000000-0000-0000-0000-000000000004'
    ) ON CONFLICT(id) DO NOTHING;
-- playlist_songs
insert into playlist_songs(playlist_id, song_id)
values (
        'e0000000-0000-0000-0000-000000000001',
        'c0000000-0000-0000-0000-000000000001'
    ),
    (
        'e0000000-0000-0000-0000-000000000001',
        'c0000000-0000-0000-0000-000000000002'
    ),
    (
        'e0000000-0000-0000-0000-000000000002',
        'c0000000-0000-0000-0000-000000000003'
    ),
    (
        'e0000000-0000-0000-0000-000000000002',
        'c0000000-0000-0000-0000-000000000004'
    ),
    (
        'e0000000-0000-0000-0000-000000000003',
        'c0000000-0000-0000-0000-000000000005'
    ),
    (
        'e0000000-0000-0000-0000-000000000003',
        'c0000000-0000-0000-0000-000000000006'
    ),
    (
        'e0000000-0000-0000-0000-000000000004',
        'c0000000-0000-0000-0000-000000000001'
    ),
    (
        'e0000000-0000-0000-0000-000000000004',
        'c0000000-0000-0000-0000-000000000003'
    ),
    (
        'e0000000-0000-0000-0000-000000000005',
        'c0000000-0000-0000-0000-000000000004'
    ),
    (
        'e0000000-0000-0000-0000-000000000005',
        'c0000000-0000-0000-0000-000000000007'
    ),
    (
        'e0000000-0000-0000-0000-000000000006',
        'c0000000-0000-0000-0000-000000000002'
    ),
    (
        'e0000000-0000-0000-0000-000000000006',
        'c0000000-0000-0000-0000-000000000008'
    ),
    (
        'e0000000-0000-0000-0000-000000000007',
        'c0000000-0000-0000-0000-000000000001'
    ),
    (
        'e0000000-0000-0000-0000-000000000007',
        'c0000000-0000-0000-0000-000000000004'
    ),
    (
        'e0000000-0000-0000-0000-000000000007',
        'c0000000-0000-0000-0000-000000000006'
    ),
    (
        'e0000000-0000-0000-0000-000000000008',
        'c0000000-0000-0000-0000-000000000001'
    ),
    (
        'e0000000-0000-0000-0000-000000000008',
        'c0000000-0000-0000-0000-000000000005'
    ),
    (
        'e0000000-0000-0000-0000-000000000008',
        'c0000000-0000-0000-0000-000000000006'
    ) ON CONFLICT(playlist_id, song_id) DO NOTHING;